samplingfeaturename,latitude,longitude
LC-01_WL,41.7548498,-84.2514964
LC-01_WQ,41.7549275,-84.2519491
LC-02_WL,41.7562702,-84.2909564
LC-02_WQ,41.7564819,-84.2908219
LC-03_WL,41.762485,-84.3301504
LC-03_WQ,41.762485,-84.3301504
LC-04_WL,41.782297,-84.3774679
LC-04_WQ,41.7822647,-84.3776356
LC-05_Rain&Soil,41.73885,-84.2336504
LC-05_WL,41.7392493,-84.2330496
LC-05_WQ,41.7389264,-84.2333334
LC-05_Wx,41.739103,-84.2335006
LC-06_WL,41.7395014,-84.2289
LC-06_WQ,41.7388742,-84.2293399
LC-07_WL,41.7360452,-84.3502537
LC-07_WQ,41.7362318,-84.3504323
LC-08_WL,41.7895036,-84.3764645
LC-08_WQ,41.7893691,-84.3768534
LC-09_WL,41.7407568,-84.2507993
LC-09_WQ,41.7406598,-84.2509922
LC-10_Rain&Soil,41.7414406,-84.3803299
LC-10_WL,41.7414105,-84.3802774
LC-10_WQ,41.7414546,-84.3804312
LC-10_Wx,41.7414752,-84.3804227
LC-11_WL,41.7658388,-84.3243464
LC-11_WQ,41.7659211,-84.3242172
ND-01_WL,41.7776886,-84.0368398
ND-01_WQ,41.7776197,-84.0369237
ND-02_Rain&Soil,41.757039,-84.0269233
ND-02_WL,41.7569733,-84.0268172
ND-02_WQ,41.7569218,-84.0269035
ND-02_Wx,41.757066,-84.0268547
ND-03_WL,41.7308947,-84.0573959
ND-03_WQ,41.7308947,-84.0573959
ND-04_Rain&Soil,41.7405618,-84.135484
ND-04_WL,41.7406283,-84.1355994
ND-04_WQ,41.7406239,-84.135579
ND-04_Wx,41.7406447,-84.1355893
ND-05_WL,41.7872697,-84.0597495
ND-05_WQ,41.78719,-84.0601533
ND-06_WL,41.7569343,-84.0313963
ND-06_WQ,41.7568859,-84.0315724
ND-07_WL,41.7408781,-84.1190718
ND-07_WQ,41.7408484,-84.1190003
ND-08_WL,41.8161652,-83.9229041
ND-08_WQ,41.8162287,-83.923042
ND-09_WL,41.7314488,-84.0962414
ND-09_WQ,41.73141,-84.0963367
SBR-01_WL,41.8580492,-84.1596669
SBR-01_WQ,41.8579052,-84.1597243
SBR-02_Rain&Soil,41.8864559,-84.2058224
SBR-02_WL,41.8863072,-84.2057165
SBR-02_WQ,41.8863358,-84.2058736
SBR-02_Wx,41.8864623,84.2056899
SBR-03_WL,41.8717414,-84.2221513
SBR-03_WQ,41.871725,-84.2222028
SBR-04_WL,41.8797521,-84.1408523
SBR-04_WQ,41.8798628,-84.1408416
SBR-05_WL,41.8183132,-84.139288
SBR-05_WQ,41.8184346,-84.1393607
SBR-06_WL,41.867044,-84.1794603
SBR-06_WQ,41.8670871,-84.179405
SBR-07_WL,41.8299971,-84.0998329
SBR-07_WQ,41.8299971,-84.0998329
SBR-08_WL,41.826994,-84.1029809
SBR-08_WQ,41.8268616,-84.1030569
SBR-09_Rain&Soil,41.825263,-84.1781859
SBR-09_WL,41.8251616,-84.1779742
SBR-09_WQ,41.8251616,-84.1779742
SBR-09_Wx,41.8252624,-84.1782528
SBR-10_WL,41.8286537,-84.1830956
SBR-10_WQ,41.8286222,-84.1831372
SBR-11_WL,41.8588425,-84.1126423
SBR-11_WQ,41.8589608,-84.1127117
SBR-12_WL,41.8861505,-84.2249755
SBR-12_WQ,41.8862207,-84.2251686
SBR-13_WL,41.8285175,-84.1806209
SBR-13_WQ,41.8286098,-84.1805883
SBR-14_WL,41.8178373,-84.1853028
SBR-14_WQ,41.8178054,-84.185307
SR-01_WL,42.1519867,-83.9513066
SR-01_WQ,42.1519846,-83.9513266
SR-02_Rain&Soil,42.1258878,-83.9154229
SR-02_WL,42.1259136,-83.915522
SR-02_WQ,42.1259136,-83.915522
SR-02_Wx,42.1257176,-83.9153762
SR-03_WL,42.1202649,-83.91522
SR-03_WQ,42.1203053,-83.9150814
SR-04_WL,42.1380561,-83.8689166
SR-04_WQ,42.1379406,-83.8688438
SR-05_WL,42.1430402,-83.8689478
SR-05_WQ,42.1431619,-83.8689627
SR-06_WL,42.1823544,-83.8772111
SR-06_WQ,42.182086,-83.877306
SR-07_Rain&Soil,42.160692,-83.8501942
SR-07_WL,42.1607058,-83.8501076
SR-07_WQ,42.1606198,-83.8502138
SR-07_Wx,42.1607863,-83.8503024
SR-08_WL,42.1608846,-83.8442452
SR-08_WQ,42.1610903,-83.8443062
SR-09_WL,42.1762436,-83.8212397
SR-09_WQ,42.1762494,-83.8214657
SR-10_WL,42.1556593,-83.7749478
SR-11_WL,42.1769019,-83.7881065
SR-11_WQ,42.1768116,-83.7881538
SR-12_WL,42.1390369,-83.9005561
SR-12_WQ,42.1389791,-83.900664
SR-13_WL,42.1660594,-83.9510528
SR-13_WQ,42.1660407,-83.9511508
SSL-01_WL,41.8404614,-83.4287785
SSL-01_WQ,41.8405776,-83.4288057
SSL-02_Rain&Soil,41.8302617,-83.4469311
SSL-02_WL,41.8301349,-83.44687
SSL-02_WQ,41.8302617,-83.4469311
SSL-02_Wx,41.8302617,-85.4469311
SSL-04_WL,41.8387725,-83.5108177
SSL-04_WQ,41.8388964,-83.5107637
SSL-05_WL,41.8089879,-83.4612069
SSL-05_WQ,41.8090181,-83.4612761
