Station,Sensor Type
LC-03_WL,Geolux model 2300
ND-03_WL,Geolux model 2300
SBR-07_WL,Geolux model 2300
SBR-09_WL,Geolux model 2300
SR-02_WL,Geolux model 2300
LC-01_WL,Vega C21
LC-02_WL,Vega C21
LC-04_WL,Vega C21
LC-05_WL,Vega C21
LC-06_WL,Vega C21
LC-07_WL,Vega C21
LC-08_WL,Vega C21
LC-09_WL,Vega C21
LC-10_WL,Vega C21
LC-11_WL,Vega C21
ND-01_WL,Vega C21
ND-02_WL,Vega C21
ND-04_WL,Vega C21
ND-05_WL,Vega C21
ND-06_WL,Vega C21
ND-07_WL,Vega C21
ND-08_WL,Vega C21
ND-09_WL,Vega C21
SBR-01_WL,Vega C21
SBR-02_WL,Vega C21
SBR-03_WL,Vega C21
SBR-04_WL,Vega C21
SBR-05_WL,Vega C21
SBR-06_WL,Vega C21
SBR-08_WL,Vega C21
SBR-10_WL,Vega C21
SBR-11_WL,Vega C21
SBR-12_WL,Vega C21
SBR-13_WL,Vega C21
SBR-14_WL,Vega C21
SR-01_WL,Vega C21
SR-03_WL,Vega C21
SR-04_WL,Vega C21
SR-05_WL,Vega C21
SR-06_WL,Vega C21
SR-07_WL,Vega C21
SR-08_WL,Vega C21
SR-09_WL,Vega C21
SR-10_WL,Vega C21
SR-11_WL,Vega C21
SR-12_WL,Vega C21
SR-13_WL,Vega C21
SSL-01_WL,Vega C21
SSL-02_WL,Vega C21
SSL-04_WL,Vega C21
SSL-05_WL,Vega C21
