Station,Date,Water Elevation (NAVD88 ft),Discharge (cfs),Meter Used
ND-01,9/6/2024,710.22,0.21,Hach MF Pro
ND-01,4/4/2025,717.28,294.97,Sontek M9
ND-02,12/10/2024,717.44,0.35,Hach MF Pro
ND-03,12/10/2024,734.10,0.39,Hach MF Pro
ND-03,4/4/2025,unknown,98.92,Sontek M9
ND-03,6/13/2025,734.41,1.72,Hach MF Pro
ND-05,9/6/2024,717.28,2.08,Hach MF Pro
ND-05,12/10/2024,717.56,1.32,Hach MF Pro
ND-05,4/4/2025,722.73,287.96,Sontek M9
ND-06,9/6/2024,719.32,0.07,Hach MF Pro
ND-06,12/10/2024,719.36,0.01,Hach MF Pro
ND-07,,,,
ND-08,4/4/2025,688.27,1925.28,Hach MF Pro
ND-09,12/10/2024,749.16,0.01,Hach MF Pro
ND-09,4/4/2025,750.81,24.09,Sontek M9
LC-01,11/6/2024,766.21,-9.32,Hach MF Pro
LC-01,4/4/2025,770.54,281.56,Sontek M9
LC-01,7/25/2025,765.78,1.67,Sontek M9
LC-02,11/6/2024,791.54,0.02,Hach MF Pro
LC-02,2/1/2025,unknown,22.58,Hach MF Pro
LC-03,2/1/2025,821.88,20.29,Hach MF Pro
LC-03,6/13/2025,820.69,1.88,Hach MF Pro
LC-04,2/1/2025,875.31,6.08,Hach MF Pro
LC-04,3/16/2025,875.91,17.04,Hach MF Pro
LC-05,11/6/2024,745.84,1.29,Hach MF Pro
LC-06,11/6/2024,745.60,9.96,Hach MF Pro
LC-06,12/9/2024,745.67,19.26,Hach MF Pro
LC-07,2/1/2025,829.85,18.37,Hach MF Pro
LC-08,11/6/2024,878.17,-0.11,Hach MF Pro
LC-08,2/1/2025,878.69,2.33,Hach MF Pro
LC-09,11/6/2024,766.53,0.08,Hach MF Pro
LC-09,12/9/2024,766.49,0.15,Hach MF Pro
LC-09,2/1/2025,766.71,0.68,Hach MF Pro
LC-09,3/16/2025,768.19,39.11,Hach MF Pro
LC-10,2/1/2025,846.05,9.77,Hach MF Pro
LC-11,2/1/2025,817.35,4.16,Hach MF Pro
LC-11,3/16/2025,817.60,15.08,Hach MF Pro
SBR-01,9/6/2024,801.72,0.77,Hach MF Pro
SBR-01,11/6/2024,801.79,-9.32,Sontek M9
SBR-01,4/3/2025,808.66,486.45,Sontek M9
SBR-02,12/29/2024,861.27,0.23,Hach MF Pro
SBR-02,4/3/2025,867.71,19.23,Hach MF Pro
SBR-02,6/19/2025,861.26,0.07,Hach MF Pro
SBR-03,12/29/2024,860.46,4.30,Hach MF Pro
SBR-04,4/3/2025,807.72,442.60,Sontek M9
SBR-05,9/5/2024,775.29,0.01,Hach MF Pro
SBR-05,12/29/2024,776.78,11.78,Hach MF Pro
SBR-05,4/3/2025,778.54,92.10,Sontek M9
SBR-06,12/29/2024,823.85,2.53,Hach MF Pro
SBR-06,4/3/2025,826.16,90.67,Sontek M9
SBR-07,4/3/2025,823.58,709.40,Sontek M9
SBR-07,6/13/2025,817.83,17.20,Sontek M9
SBR-08,9/5/2024,765.65,1.77,Hach MF Pro
SBR-08,12/29/2024,766.60,19.31,Hach MF Pro
SBR-08,4/3/2025,770.02,129.96,Sontek M9
SBR-09,12/29/2024,797.83,3.53,Hach MF Pro
SBR-09,4/3/2025,800.84,69.13,Sontek M9
SBR-09,4/29/2025,797.57,0.36,Hach MF Pro
SBR-09,5/2/2025,797.66,0.81,Hach MF Pro
SBR-09,5/7/2025,799.01,19.72,Hach MF Pro
SBR-09,6/13/2025,797.55,0.65,Sontek M9
SBR-09,6/19/2025,798.08,2.66,Hach MF Pro
SBR-10,12/29/2024,799.57,1.03,Hach MF Pro
SBR-10,4/3/2025,801.32,27.72,Hach MF Pro
SBR-10,4/29/2025,799.24,0.16,Hach MF Pro
SBR-10,5/2/2025,799.26,0.21,Hach MF Pro
SBR-10,5/7/2025,800.16,5.96,Hach MF Pro
SBR-10,6/19/2025,799.53,0.63,Hach MF Pro
SBR-11,4/3/2025,789.71,1335.81,Sontek M9
SBR-11,7/25/2025,782.10,1.50,Sontek M9
SBR-12,12/29/2024,880.54,1.45,Hach MF Pro
SBR-13,12/29/2024,799.41,0.15,Hach MF Pro
SBR-13,4/3/2025,801.03,5.75,Sontek M9
SBR-13,4/29/2025,799.58,0.02,Hach MF Pro
SBR-13,5/2/2025,799.62,-0.05,Hach MF Pro
SBR-13,5/7/2025,800.00,1.64,Hach MF Pro
SBR-13,6/19/2025,799.56,0.02,Hach MF Pro
SBR-14,12/29/2024,799.94,2.41,Hach MF Pro
SBR-14,4/3/2025,801.75,19.65,Hach MF Pro
SBR-14,4/29/2025,799.27,0.08,Hach MF Pro
SBR-14,5/2/2025,799.29,0.15,Hach MF Pro
SBR-14,5/7/2025,800.18,6.93,Hach MF Pro
SBR-14,6/19/2025,799.64,1.32,Hach MF Pro
SR-01,7/7/2025,857.01,0.98,Hach MF Pro
SR-01,7/29/2025,857.45,3.98,Hach MF Pro
SR-02,12/30/2024,Unknown,20.86,Hach MF Pro
SR-02,6/13/2025,820.55,3.07,Hach MF Pro
SR-02,7/29/2025,820.84,6.42,Hach MF Pro
SR-03,12/30/2024,822.45,6.65,Hach MF Pro
SR-04,12/30/2024,808.68,31.49,Hach MF Pro
SR-04,7/29/2025,807.34,5.83,Hach MF Pro
SR-05,12/30/2024,818.96,6.98,Hach MF Pro
SR-06,12/30/2024,862.02,14.28,Hach MF Pro
SR-07,12/30/2024,806.43,32.49,Hach MF Pro
SR-07,2/28/2025,805.87,11.67,Hach MF Pro
SR-07,7/29/2025,806.11,15.00,Hach MF Pro
SR-08,7/9/2025,800.63,16.10,Hach MF Pro
SR-09,7/9/2025,798.49,2.77,Sontek M9
SR-10,2/28/2025,728.91,14.63,Hach MF Pro
SR-10,7/7/2025,728.47,4.10,Hach MF Pro
SR-11,2/28/2025,785.12,17.40,Hach MF Pro
SR-11,12/30/2024,786.02,51.06,Hach MF Pro
SR-11,7/7/2025,784.36,3.01,Hach MF Pro
SR-12,,,,
SR-13,7/7/2025,865.82,0.12,Hach MF Pro